"film_id","title"
14,"Alice Fantasia"
33,"Apollo Teen"
36,"Argonauts Town"
38,"Ark Ridgemont"
41,"Arsenic Independence"
87,"Boondock Ballroom"
108,"Butch Panther"
128,"Catch Amistad"
144,"Chinatown Gladiator"
148,"Chocolate Duck"
171,"Commandments Express"
192,"Crossing Divorce"
195,"Crowds Telemark"
198,"Crystal Breaking"
217,"Dazed Punk"
221,"Deliverance Mulholland"
318,"Firehouse Vietnam"
325,"Floats Garden"
332,"Frankenstein Stranger"
359,"Gladiator Westward"
386,"Gump Date"
404,"Hate Handicap"
419,"Hocus Frida"
495,"Kentuckian Giant"
497,"Kill Brotherhood"
607,"Muppet Mile"
642,"Order Betrayed"
669,"Pearl Destiny"
671,"Perdition Fargo"
701,"Psycho Shrunk"
712,"Raiders Antitrust"
713,"Rainbow Shock"
742,"Roof Champion"
801,"Sister Freddy"
802,"Sky Miracle"
860,"Suicides Silence"
874,"Tadpole Park"
909,"Treasure Command"
943,"Villain Desperate"
950,"Volume House"
954,"Wake Jaws"
955,"Walls Artist"
